timestamp,power_w,temp_c,shortwave_rad,diffuse_rad,direct_rad,cloud_cover,is_day
2025-11-29 00:00:00,0.0,14.1,0.0,0.0,0.0,92.0,0.0
2025-11-29 00:15:00,0.0,14.0,0.0,0.0,0.0,87.0,0.0
2025-11-29 00:30:00,0.0,13.9,0.0,0.0,0.0,82.0,0.0
2025-11-29 00:45:00,0.0,13.8,0.0,0.0,0.0,76.0,0.0
2025-11-29 01:00:00,0.0,13.7,0.0,0.0,0.0,71.0,0.0
2025-11-29 01:15:00,0.0,13.7,0.0,0.0,0.0,75.0,0.0
2025-11-29 01:30:00,0.0,13.7,0.0,0.0,0.0,80.0,0.0
2025-11-29 01:45:00,0.0,13.8,0.0,0.0,0.0,84.0,0.0
2025-11-29 02:00:00,0.0,13.8,0.0,0.0,0.0,88.0,0.0
2025-11-29 02:15:00,0.0,13.8,0.0,0.0,0.0,90.0,0.0
2025-11-29 02:30:00,0.0,13.8,0.0,0.0,0.0,93.0,0.0
2025-11-29 02:45:00,0.0,13.7,0.0,0.0,0.0,95.0,0.0
2025-11-29 03:00:00,0.0,13.8,0.0,0.0,0.0,97.0,0.0
2025-11-29 03:15:00,0.0,13.9,0.0,0.0,0.0,98.0,0.0
2025-11-29 03:30:00,0.0,14.0,0.0,0.0,0.0,99.0,0.0
2025-11-29 03:45:00,0.0,14.2,0.0,0.0,0.0,99.0,0.0
2025-11-29 04:00:00,0.0,14.3,0.0,0.0,0.0,100.0,0.0
2025-11-29 04:15:00,0.0,14.3,0.0,0.0,0.0,95.0,0.0
2025-11-29 04:30:00,0.0,14.2,0.0,0.0,0.0,90.0,0.0
2025-11-29 04:45:00,0.0,14.1,0.0,0.0,0.0,85.0,0.0
2025-11-29 05:00:00,0.0,14.1,0.0,0.0,0.0,80.0,0.0
2025-11-29 05:15:00,0.0,13.9,0.0,0.0,0.0,85.0,0.0
2025-11-29 05:30:00,0.0,13.9,0.0,0.0,0.0,89.0,0.0
2025-11-29 05:45:00,0.0,13.8,0.0,0.0,0.0,94.0,0.0
2025-11-29 06:00:00,0.0,13.7,0.0,0.0,0.0,98.0,0.0
2025-11-29 06:15:00,0.0,13.5,0.0,0.0,0.0,99.0,0.0
2025-11-29 06:30:00,0.0,13.2,0.0,0.0,0.0,99.0,0.0
2025-11-29 06:45:00,0.0,13.1,1.0,1.0,0.0,100.0,1.0
2025-11-29 07:00:00,20.0,13.1,13.0,12.0,14.4,100.0,1.0
2025-11-29 07:15:00,132.0,13.3,36.0,32.0,43.2,99.0,1.0
2025-11-29 07:30:00,256.0,13.7,68.0,57.0,81.8,97.0,1.0
2025-11-29 07:45:00,460.0,14.2,102.0,81.0,117.9,96.0,1.0
2025-11-29 08:00:00,540.0,14.8,137.0,101.0,163.7,94.0,1.0
2025-11-29 08:15:00,1116.0,15.4,173.0,117.0,215.5,95.0,1.0
2025-11-29 08:30:00,1776.0,16.1,211.0,130.0,271.9,95.0,1.0
2025-11-29 08:45:00,1572.0,16.9,250.0,139.0,332.6,96.0,1.0
2025-11-29 09:00:00,2048.0,17.7,291.0,142.0,405.8,96.0,1.0
2025-11-29 09:15:00,2280.0,18.5,330.0,140.0,477.2,97.0,1.0
2025-11-29 09:30:00,2484.0,19.4,368.0,136.0,543.9,98.0,1.0
2025-11-29 09:45:00,2348.0,20.2,402.0,134.0,592.7,99.0,1.0
2025-11-29 10:00:00,3692.0,21.0,432.0,133.0,629.5,100.0,1.0
2025-11-29 10:15:00,3668.0,21.6,458.0,133.0,656.8,100.0,1.0
2025-11-29 10:30:00,3312.0,22.2,480.0,132.0,680.1,100.0,1.0
2025-11-29 10:45:00,3800.0,22.7,499.0,129.0,704.2,100.0,1.0
2025-11-29 11:00:00,3724.0,23.1,516.0,125.0,729.4,100.0,1.0
2025-11-29 11:15:00,3156.0,23.4,527.0,120.0,748.9,84.0,1.0
2025-11-29 11:30:00,2576.0,23.5,536.0,116.0,767.0,67.0,1.0
2025-11-29 11:45:00,3936.0,23.5,539.0,111.0,780.3,51.0,1.0
2025-11-29 12:00:00,3904.0,23.6,540.0,106.0,794.6,34.0,1.0
2025-11-29 12:15:00,3800.0,23.7,535.0,101.0,802.8,26.0,1.0
2025-11-29 12:30:00,3708.0,23.8,526.0,99.0,802.9,18.0,1.0
2025-11-29 12:45:00,2916.0,23.9,509.0,99.0,788.7,10.0,1.0
2025-11-29 13:00:00,3300.0,23.9,487.0,103.0,760.8,2.0,1.0
2025-11-29 13:15:00,2664.0,24.0,460.0,108.0,723.4,16.0,1.0
2025-11-29 13:30:00,2688.0,24.0,429.0,111.0,683.3,29.0,1.0
2025-11-29 13:45:00,2164.0,24.0,398.0,113.0,645.8,43.0,1.0
2025-11-29 14:00:00,1804.0,24.0,364.0,114.0,603.1,56.0,1.0
2025-11-29 14:15:00,1764.0,24.1,328.0,112.0,561.1,49.0,1.0
2025-11-29 14:30:00,1352.0,24.2,292.0,108.0,521.4,43.0,1.0
2025-11-29 14:45:00,1224.0,24.2,255.0,100.0,486.8,36.0,1.0
2025-11-29 15:00:00,856.0,24.2,222.0,90.0,468.7,29.0,1.0
2025-11-29 15:15:00,752.0,24.0,187.0,78.0,449.1,42.0,1.0
2025-11-29 15:30:00,588.0,23.8,147.0,63.0,416.0,56.0,1.0
2025-11-29 15:45:00,216.0,23.5,103.0,47.0,351.5,69.0,1.0
2025-11-29 16:00:00,136.0,23.1,59.0,30.0,251.9,82.0,1.0
2025-11-29 16:15:00,116.0,22.6,25.0,15.0,121.0,77.0,1.0
2025-11-29 16:30:00,36.0,22.1,5.0,4.0,16.8,72.0,1.0
2025-11-29 16:45:00,0.0,21.6,0.0,0.0,0.0,67.0,0.0
2025-11-29 17:00:00,0.0,21.2,0.0,0.0,0.0,62.0,0.0
2025-11-29 17:15:00,0.0,20.8,0.0,0.0,0.0,62.0,0.0
2025-11-29 17:30:00,0.0,20.4,0.0,0.0,0.0,63.0,0.0
2025-11-29 17:45:00,0.0,20.0,0.0,0.0,0.0,63.0,0.0
2025-11-29 18:00:00,0.0,19.6,0.0,0.0,0.0,63.0,0.0
2025-11-29 18:15:00,0.0,19.4,0.0,0.0,0.0,70.0,0.0
2025-11-29 18:30:00,0.0,19.1,0.0,0.0,0.0,77.0,0.0
2025-11-29 18:45:00,0.0,18.9,0.0,0.0,0.0,83.0,0.0
2025-11-29 19:00:00,0.0,18.8,0.0,0.0,0.0,90.0,0.0
2025-11-29 19:15:00,0.0,18.8,0.0,0.0,0.0,93.0,0.0
2025-11-29 19:30:00,0.0,18.8,0.0,0.0,0.0,95.0,0.0
2025-11-29 19:45:00,0.0,18.8,0.0,0.0,0.0,98.0,0.0
2025-11-29 20:00:00,0.0,18.8,0.0,0.0,0.0,100.0,0.0
2025-11-29 20:15:00,0.0,18.8,0.0,0.0,0.0,97.0,0.0
2025-11-29 20:30:00,0.0,18.8,0.0,0.0,0.0,93.0,0.0
2025-11-29 20:45:00,0.0,18.8,0.0,0.0,0.0,90.0,0.0
2025-11-29 21:00:00,0.0,18.8,0.0,0.0,0.0,86.0,0.0
2025-11-29 21:15:00,0.0,18.7,0.0,0.0,0.0,90.0,0.0
2025-11-29 21:30:00,0.0,18.7,0.0,0.0,0.0,93.0,0.0
2025-11-29 21:45:00,0.0,18.7,0.0,0.0,0.0,97.0,0.0
2025-11-29 22:00:00,0.0,18.7,0.0,0.0,0.0,100.0,0.0
2025-11-29 22:15:00,0.0,18.8,0.0,0.0,0.0,96.0,0.0
2025-11-29 22:30:00,0.0,18.8,0.0,0.0,0.0,92.0,0.0
2025-11-29 22:45:00,0.0,18.9,0.0,0.0,0.0,88.0,0.0
2025-11-29 23:00:00,0.0,18.9,0.0,0.0,0.0,84.0,0.0
2025-11-29 23:15:00,0.0,18.8,0.0,0.0,0.0,85.0,0.0
2025-11-29 23:30:00,0.0,18.7,0.0,0.0,0.0,86.0,0.0
2025-11-29 23:45:00,0.0,18.5,0.0,0.0,0.0,86.0,0.0
2025-11-30 00:00:00,0.0,18.5,0.0,0.0,0.0,87.0,0.0
2025-11-30 00:15:00,0.0,18.4,0.0,0.0,0.0,85.0,0.0
2025-11-30 00:30:00,0.0,18.2,0.0,0.0,0.0,82.0,0.0
2025-11-30 00:45:00,0.0,18.2,0.0,0.0,0.0,80.0,0.0
2025-11-30 01:00:00,0.0,18.2,0.0,0.0,0.0,77.0,0.0
2025-11-30 01:15:00,0.0,18.3,0.0,0.0,0.0,78.0,0.0
2025-11-30 01:30:00,0.0,18.5,0.0,0.0,0.0,78.0,0.0
2025-11-30 01:45:00,0.0,18.7,0.0,0.0,0.0,79.0,0.0
2025-11-30 02:00:00,0.0,18.9,0.0,0.0,0.0,79.0,0.0
2025-11-30 02:15:00,0.0,18.9,0.0,0.0,0.0,80.0,0.0
2025-11-30 02:30:00,0.0,18.9,0.0,0.0,0.0,80.0,0.0
2025-11-30 02:45:00,0.0,18.9,0.0,0.0,0.0,81.0,0.0
2025-11-30 03:00:00,0.0,18.8,0.0,0.0,0.0,81.0,0.0
2025-11-30 03:15:00,0.0,18.7,0.0,0.0,0.0,75.0,0.0
2025-11-30 03:30:00,0.0,18.6,0.0,0.0,0.0,70.0,0.0
2025-11-30 03:45:00,0.0,18.5,0.0,0.0,0.0,64.0,0.0
2025-11-30 04:00:00,0.0,18.4,0.0,0.0,0.0,58.0,0.0
2025-11-30 04:15:00,0.0,18.1,0.0,0.0,0.0,61.0,0.0
2025-11-30 04:30:00,0.0,17.8,0.0,0.0,0.0,65.0,0.0
2025-11-30 04:45:00,0.0,17.5,0.0,0.0,0.0,68.0,0.0
2025-11-30 05:00:00,0.0,17.2,0.0,0.0,0.0,71.0,0.0
2025-11-30 05:15:00,0.0,17.1,0.0,0.0,0.0,67.0,0.0
2025-11-30 05:30:00,0.0,17.0,0.0,0.0,0.0,63.0,0.0
2025-11-30 05:45:00,0.0,17.0,0.0,0.0,0.0,59.0,0.0
2025-11-30 06:00:00,0.0,16.9,0.0,0.0,0.0,55.0,0.0
2025-11-30 06:15:00,0.0,16.8,0.0,0.0,0.0,41.0,0.0
2025-11-30 06:30:00,0.0,16.7,0.0,0.0,0.0,28.0,0.0
2025-11-30 06:45:00,0.0,16.6,0.0,0.0,0.0,14.0,1.0
2025-11-30 07:00:00,0.0,16.7,17.0,10.0,102.7,0.0,1.0
2025-11-30 07:15:00,160.0,16.8,49.0,23.0,285.6,0.0,1.0
2025-11-30 07:30:00,796.0,17.0,93.0,38.0,418.1,0.0,1.0
2025-11-30 07:45:00,1080.0,17.2,140.0,52.0,502.8,0.0,1.0
2025-11-30 08:00:00,1432.0,17.5,182.0,61.0,557.9,0.0,1.0
2025-11-30 08:15:00,1816.0,17.9,222.0,67.0,603.4,2.0,1.0
2025-11-30 08:30:00,2184.0,18.2,260.0,71.0,641.0,3.0,1.0
2025-11-30 08:45:00,2288.0,18.6,299.0,74.0,680.4,5.0,1.0
2025-11-30 09:00:00,2412.0,19.0,338.0,76.0,719.5,6.0,1.0
2025-11-30 09:15:00,2744.0,19.4,374.0,77.0,751.6,5.0,1.0
2025-11-30 09:30:00,2864.0,19.8,407.0,79.0,774.3,3.0,1.0
2025-11-30 09:45:00,3112.0,20.1,435.0,82.0,785.7,2.0,1.0
2025-11-30 10:00:00,3408.0,20.5,459.0,89.0,783.7,0.0,1.0
2025-11-30 10:15:00,3508.0,20.8,477.0,96.0,774.3,19.0,1.0
2025-11-30 10:30:00,3636.0,21.0,486.0,105.0,748.6,38.0,1.0
2025-11-30 10:45:00,3604.0,21.2,483.0,114.0,705.8,57.0,1.0
2025-11-30 11:00:00,1724.0,21.5,464.0,126.0,633.6,76.0,1.0
2025-11-30 11:15:00,1468.0,21.6,436.0,137.0,552.8,69.0,1.0
2025-11-30 11:30:00,1232.0,21.8,411.0,146.0,486.1,63.0,1.0
2025-11-30 11:45:00,644.0,22.0,398.0,149.0,455.9,56.0,1.0
2025-11-30 12:00:00,3796.0,22.0,394.0,146.0,456.0,49.0,1.0
2025-11-30 12:15:00,3300.0,22.0,395.0,140.0,473.6,56.0,1.0
2025-11-30 12:30:00,1988.0,21.9,395.0,134.0,492.7,64.0,1.0
2025-11-30 12:45:00,1284.0,21.8,391.0,132.0,500.2,71.0,1.0
2025-11-30 13:00:00,2040.0,21.6,386.0,133.0,503.2,78.0,1.0
2025-11-30 13:15:00,3248.0,21.5,379.0,135.0,503.4,73.0,1.0
2025-11-30 13:30:00,3276.0,21.5,368.0,133.0,506.8,67.0,1.0
2025-11-30 13:45:00,3040.0,21.5,352.0,126.0,514.0,62.0,1.0
2025-11-30 14:00:00,2808.0,21.3,334.0,115.0,530.3,56.0,1.0
2025-11-30 14:15:00,2656.0,21.0,312.0,102.0,547.5,49.0,1.0
2025-11-30 14:30:00,2240.0,20.6,286.0,91.0,554.7,41.0,1.0
2025-11-30 14:45:00,664.0,20.2,254.0,83.0,539.2,34.0,1.0
2025-11-30 15:00:00,388.0,20.0,221.0,78.0,509.9,26.0,1.0
2025-11-30 15:15:00,628.0,19.8,185.0,72.0,467.5,20.0,1.0
2025-11-30 15:30:00,948.0,19.6,146.0,62.0,418.0,14.0,1.0
2025-11-30 15:45:00,484.0,19.5,105.0,48.0,359.7,8.0,1.0
2025-11-30 16:00:00,228.0,19.3,64.0,32.0,279.8,2.0,1.0
2025-11-30 16:15:00,64.0,19.0,30.0,17.0,158.0,2.0,1.0
2025-11-30 16:30:00,24.0,18.5,8.0,5.0,50.7,1.0,1.0
2025-11-30 16:45:00,0.0,18.1,0.0,0.0,0.0,1.0,0.0
2025-11-30 17:00:00,0.0,17.7,0.0,0.0,0.0,0.0,0.0
2025-11-30 17:15:00,0.0,17.3,0.0,0.0,0.0,0.0,0.0
2025-11-30 17:30:00,0.0,17.0,0.0,0.0,0.0,0.0,0.0
2025-11-30 17:45:00,0.0,16.6,0.0,0.0,0.0,0.0,0.0
2025-11-30 18:00:00,0.0,16.4,0.0,0.0,0.0,0.0,0.0
2025-11-30 18:15:00,0.0,16.1,0.0,0.0,0.0,0.0,0.0
2025-11-30 18:30:00,0.0,15.9,0.0,0.0,0.0,0.0,0.0
2025-11-30 18:45:00,0.0,15.8,0.0,0.0,0.0,0.0,0.0
2025-11-30 19:00:00,0.0,15.6,0.0,0.0,0.0,0.0,0.0
2025-11-30 19:15:00,0.0,15.4,0.0,0.0,0.0,0.0,0.0
2025-11-30 19:30:00,0.0,15.2,0.0,0.0,0.0,0.0,0.0
2025-11-30 19:45:00,0.0,14.9,0.0,0.0,0.0,0.0,0.0
2025-11-30 20:00:00,0.0,14.8,0.0,0.0,0.0,0.0,0.0
2025-11-30 20:15:00,0.0,14.6,0.0,0.0,0.0,0.0,0.0
2025-11-30 20:30:00,0.0,14.6,0.0,0.0,0.0,0.0,0.0
2025-11-30 20:45:00,0.0,14.5,0.0,0.0,0.0,0.0,0.0
2025-11-30 21:00:00,0.0,14.4,0.0,0.0,0.0,0.0,0.0
2025-11-30 21:15:00,0.0,14.2,0.0,0.0,0.0,0.0,0.0
2025-11-30 21:30:00,0.0,14.1,0.0,0.0,0.0,0.0,0.0
2025-11-30 21:45:00,0.0,13.9,0.0,0.0,0.0,0.0,0.0
2025-11-30 22:00:00,0.0,13.8,0.0,0.0,0.0,0.0,0.0
2025-11-30 22:15:00,0.0,13.5,0.0,0.0,0.0,0.0,0.0
2025-11-30 22:30:00,0.0,13.2,0.0,0.0,0.0,0.0,0.0
2025-11-30 22:45:00,0.0,12.9,0.0,0.0,0.0,0.0,0.0
2025-11-30 23:00:00,0.0,12.8,0.0,0.0,0.0,0.0,0.0
2025-11-30 23:15:00,0.0,12.6,0.0,0.0,0.0,0.0,0.0
2025-11-30 23:30:00,0.0,12.5,0.0,0.0,0.0,0.0,0.0
2025-11-30 23:45:00,0.0,12.4,0.0,0.0,0.0,0.0,0.0
2025-12-01 00:00:00,0.0,12.3,0.0,0.0,0.0,0.0,0.0
2025-12-01 00:15:00,0.0,12.1,0.0,0.0,0.0,0.0,0.0
2025-12-01 00:30:00,0.0,12.0,0.0,0.0,0.0,0.0,0.0
2025-12-01 00:45:00,0.0,11.9,0.0,0.0,0.0,0.0,0.0
2025-12-01 01:00:00,0.0,11.8,0.0,0.0,0.0,0.0,0.0
2025-12-01 01:15:00,0.0,11.8,0.0,0.0,0.0,0.0,0.0
2025-12-01 01:30:00,0.0,11.7,0.0,0.0,0.0,0.0,0.0
2025-12-01 01:45:00,0.0,11.7,0.0,0.0,0.0,0.0,0.0
2025-12-01 02:00:00,0.0,11.7,0.0,0.0,0.0,0.0,0.0
2025-12-01 02:15:00,0.0,11.6,0.0,0.0,0.0,0.0,0.0
2025-12-01 02:30:00,0.0,11.6,0.0,0.0,0.0,1.0,0.0
2025-12-01 02:45:00,0.0,11.5,0.0,0.0,0.0,1.0,0.0
2025-12-01 03:00:00,0.0,11.4,0.0,0.0,0.0,1.0,0.0
2025-12-01 03:15:00,0.0,11.4,0.0,0.0,0.0,1.0,0.0
2025-12-01 03:30:00,0.0,11.3,0.0,0.0,0.0,1.0,0.0
2025-12-01 03:45:00,0.0,11.2,0.0,0.0,0.0,0.0,0.0
2025-12-01 04:00:00,0.0,11.1,0.0,0.0,0.0,0.0,0.0
2025-12-01 04:15:00,0.0,11.0,0.0,0.0,0.0,4.0,0.0
2025-12-01 04:30:00,0.0,10.9,0.0,0.0,0.0,8.0,0.0
2025-12-01 04:45:00,0.0,10.8,0.0,0.0,0.0,12.0,0.0
2025-12-01 05:00:00,0.0,10.6,0.0,0.0,0.0,16.0,0.0
2025-12-01 05:15:00,0.0,10.6,0.0,0.0,0.0,16.0,0.0
2025-12-01 05:30:00,0.0,10.4,0.0,0.0,0.0,16.0,0.0
2025-12-01 05:45:00,0.0,10.3,0.0,0.0,0.0,16.0,0.0
2025-12-01 06:00:00,0.0,10.2,0.0,0.0,0.0,16.0,0.0
2025-12-01 06:15:00,0.0,10.1,0.0,0.0,0.0,16.0,0.0
2025-12-01 06:30:00,0.0,9.9,0.0,0.0,0.0,16.0,0.0
2025-12-01 06:45:00,0.0,9.9,0.0,0.0,0.0,15.0,1.0
2025-12-01 07:00:00,100.0,10.0,14.0,8.0,90.0,15.0,1.0
2025-12-01 07:15:00,320.0,10.2,45.0,23.0,245.7,18.0,1.0
2025-12-01 07:30:00,744.0,10.6,86.0,40.0,357.8,22.0,1.0
2025-12-01 07:45:00,1028.0,11.1,131.0,56.0,435.9,25.0,1.0
2025-12-01 08:00:00,1552.0,11.9,173.0,67.0,495.6,28.0,1.0
2025-12-01 08:15:00,1904.0,12.8,213.0,74.0,547.5,22.0,1.0
2025-12-01 08:30:00,2288.0,13.9,251.0,78.0,592.7,16.0,1.0
2025-12-01 08:45:00,2588.0,15.1,290.0,81.0,637.7,9.0,1.0
2025-12-01 09:00:00,2900.0,16.1,329.0,83.0,681.0,3.0,1.0
2025-12-01 09:15:00,3288.0,16.9,365.0,83.0,718.9,2.0,1.0
2025-12-01 09:30:00,3492.0,17.6,399.0,83.0,751.1,2.0,1.0
2025-12-01 09:45:00,3648.0,18.2,430.0,84.0,775.0,1.0,1.0
2025-12-01 10:00:00,3932.0,18.9,457.0,85.0,792.6,0.0,1.0
2025-12-01 10:15:00,4052.0,19.5,481.0,87.0,805.2,3.0,1.0
2025-12-01 10:30:00,4024.0,20.0,501.0,90.0,811.8,6.0,1.0
2025-12-01 10:45:00,4268.0,20.5,516.0,94.0,811.3,9.0,1.0
2025-12-01 11:00:00,4336.0,21.0,526.0,101.0,800.5,12.0,1.0
2025-12-01 11:15:00,4396.0,21.3,531.0,108.0,785.6,12.0,1.0
2025-12-01 11:30:00,4344.0,21.5,533.0,113.0,773.8,12.0,1.0
2025-12-01 11:45:00,4372.0,21.7,535.0,114.0,774.1,12.0,1.0
2025-12-01 12:00:00,4276.0,21.9,535.0,110.0,784.6,12.0,1.0
2025-12-01 12:15:00,4212.0,22.0,531.0,103.0,798.1,9.0,1.0
2025-12-01 12:30:00,4128.0,22.1,525.0,97.0,811.1,6.0,1.0
2025-12-01 12:45:00,4012.0,22.1,514.0,92.0,818.0,3.0,1.0
2025-12-01 13:00:00,3880.0,22.2,500.0,88.0,822.4,0.0,1.0
2025-12-01 13:15:00,3716.0,22.2,481.0,84.0,821.9,1.0,1.0
2025-12-01 13:30:00,3500.0,22.1,459.0,81.0,818.1,1.0,1.0
2025-12-01 13:45:00,3288.0,22.1,430.0,78.0,803.3,2.0,1.0
2025-12-01 14:00:00,3108.0,22.0,398.0,76.0,782.4,2.0,1.0
2025-12-01 14:15:00,2224.0,21.8,363.0,74.0,756.2,2.0,1.0
2025-12-01 14:30:00,2620.0,21.6,325.0,72.0,722.2,1.0,1.0
2025-12-01 14:45:00,2316.0,21.4,284.0,69.0,680.4,1.0,1.0
2025-12-01 15:00:00,1860.0,21.1,243.0,67.0,629.8,0.0,1.0
2025-12-01 15:15:00,1404.0,20.8,200.0,62.0,573.2,3.0,1.0
2025-12-01 15:30:00,1040.0,20.5,157.0,55.0,509.7,5.0,1.0
2025-12-01 15:45:00,368.0,20.0,111.0,43.0,431.2,8.0,1.0
2025-12-01 16:00:00,260.0,19.7,66.0,29.0,325.4,10.0,1.0
2025-12-01 16:15:00,188.0,19.3,31.0,16.0,183.0,8.0,1.0
2025-12-01 16:30:00,44.0,18.9,8.0,5.0,50.9,5.0,1.0
2025-12-01 16:45:00,0.0,18.5,0.0,0.0,0.0,3.0,0.0
2025-12-01 17:00:00,0.0,18.1,0.0,0.0,0.0,0.0,0.0
2025-12-01 17:15:00,0.0,17.8,0.0,0.0,0.0,0.0,0.0
2025-12-01 17:30:00,0.0,17.5,0.0,0.0,0.0,0.0,0.0
2025-12-01 17:45:00,0.0,17.2,0.0,0.0,0.0,0.0,0.0
2025-12-01 18:00:00,0.0,17.0,0.0,0.0,0.0,0.0,0.0
2025-12-01 18:15:00,0.0,16.8,0.0,0.0,0.0,0.0,0.0
2025-12-01 18:30:00,0.0,16.6,0.0,0.0,0.0,0.0,0.0
2025-12-01 18:45:00,0.0,16.5,0.0,0.0,0.0,0.0,0.0
2025-12-01 19:00:00,0.0,16.3,0.0,0.0,0.0,0.0,0.0
2025-12-01 19:15:00,0.0,16.1,0.0,0.0,0.0,0.0,0.0
2025-12-01 19:30:00,0.0,16.0,0.0,0.0,0.0,0.0,0.0
2025-12-01 19:45:00,0.0,15.9,0.0,0.0,0.0,0.0,0.0
2025-12-01 20:00:00,0.0,15.8,0.0,0.0,0.0,0.0,0.0
2025-12-01 20:15:00,0.0,15.6,0.0,0.0,0.0,0.0,0.0
2025-12-01 20:30:00,0.0,15.4,0.0,0.0,0.0,0.0,0.0
2025-12-01 20:45:00,0.0,15.3,0.0,0.0,0.0,0.0,0.0
2025-12-01 21:00:00,0.0,15.1,0.0,0.0,0.0,0.0,0.0
2025-12-01 21:15:00,0.0,15.0,0.0,0.0,0.0,0.0,0.0
2025-12-01 21:30:00,0.0,14.9,0.0,0.0,0.0,0.0,0.0
2025-12-01 21:45:00,0.0,14.8,0.0,0.0,0.0,0.0,0.0
2025-12-01 22:00:00,0.0,14.6,0.0,0.0,0.0,0.0,0.0
2025-12-01 22:15:00,0.0,14.4,0.0,0.0,0.0,0.0,0.0
2025-12-01 22:30:00,0.0,14.3,0.0,0.0,0.0,0.0,0.0
2025-12-01 22:45:00,0.0,14.1,0.0,0.0,0.0,0.0,0.0
2025-12-01 23:00:00,0.0,14.0,0.0,0.0,0.0,0.0,0.0
2025-12-01 23:15:00,0.0,13.9,0.0,0.0,0.0,0.0,0.0
2025-12-01 23:30:00,0.0,13.8,0.0,0.0,0.0,0.0,0.0
2025-12-01 23:45:00,0.0,13.6,0.0,0.0,0.0,0.0,0.0
2025-12-02 00:00:00,0.0,13.6,0.0,0.0,0.0,0.0,0.0
2025-12-02 00:15:00,0.0,13.4,0.0,0.0,0.0,0.0,0.0
2025-12-02 00:30:00,0.0,13.2,0.0,0.0,0.0,0.0,0.0
2025-12-02 00:45:00,0.0,13.1,0.0,0.0,0.0,0.0,0.0
2025-12-02 01:00:00,0.0,13.1,0.0,0.0,0.0,0.0,0.0
2025-12-02 01:15:00,0.0,13.1,0.0,0.0,0.0,1.0,0.0
2025-12-02 01:30:00,0.0,13.1,0.0,0.0,0.0,3.0,0.0
2025-12-02 01:45:00,0.0,13.2,0.0,0.0,0.0,4.0,0.0
2025-12-02 02:00:00,0.0,13.3,0.0,0.0,0.0,5.0,0.0
2025-12-02 02:15:00,0.0,13.2,0.0,0.0,0.0,4.0,0.0
2025-12-02 02:30:00,0.0,13.2,0.0,0.0,0.0,3.0,0.0
2025-12-02 02:45:00,0.0,13.1,0.0,0.0,0.0,1.0,0.0
2025-12-02 03:00:00,0.0,13.1,0.0,0.0,0.0,0.0,0.0
2025-12-02 03:15:00,0.0,13.0,0.0,0.0,0.0,1.0,0.0
2025-12-02 03:30:00,0.0,13.1,0.0,0.0,0.0,1.0,0.0
2025-12-02 03:45:00,0.0,13.1,0.0,0.0,0.0,2.0,0.0
2025-12-02 04:00:00,0.0,13.0,0.0,0.0,0.0,2.0,0.0
2025-12-02 04:15:00,0.0,12.9,0.0,0.0,0.0,2.0,0.0
2025-12-02 04:30:00,0.0,12.8,0.0,0.0,0.0,1.0,0.0
2025-12-02 04:45:00,0.0,12.6,0.0,0.0,0.0,1.0,0.0
2025-12-02 05:00:00,0.0,12.4,0.0,0.0,0.0,0.0,0.0
2025-12-02 05:15:00,0.0,12.4,0.0,0.0,0.0,0.0,0.0
2025-12-02 05:30:00,0.0,12.2,0.0,0.0,0.0,0.0,0.0
2025-12-02 05:45:00,0.0,12.2,0.0,0.0,0.0,0.0,0.0
2025-12-02 06:00:00,0.0,12.1,0.0,0.0,0.0,0.0,0.0
2025-12-02 06:15:00,0.0,12.0,0.0,0.0,0.0,0.0,0.0
2025-12-02 06:30:00,0.0,11.9,0.0,0.0,0.0,0.0,0.0
2025-12-02 06:45:00,0.0,11.8,0.0,0.0,0.0,0.0,1.0
2025-12-02 07:00:00,92.0,11.9,14.0,8.0,92.0,0.0,1.0
2025-12-02 07:15:00,364.0,12.1,43.0,21.0,249.8,0.0,1.0
2025-12-02 07:30:00,788.0,12.5,85.0,37.0,382.1,0.0,1.0
2025-12-02 07:45:00,1116.0,13.0,129.0,51.0,461.3,0.0,1.0
2025-12-02 08:00:00,1548.0,13.6,172.0,61.0,526.2,0.0,1.0
2025-12-02 08:15:00,1896.0,14.2,212.0,66.0,581.8,0.0,1.0
2025-12-02 08:30:00,2276.0,14.9,252.0,70.0,629.8,0.0,1.0
2025-12-02 08:45:00,2596.0,15.8,291.0,73.0,671.1,0.0,1.0
2025-12-02 09:00:00,2748.0,16.5,329.0,76.0,706.0,0.0,1.0
2025-12-02 09:15:00,2232.0,17.2,365.0,79.0,734.4,2.0,1.0
2025-12-02 09:30:00,3720.0,18.0,398.0,81.0,758.5,4.0,1.0
2025-12-02 09:45:00,3720.0,18.6,428.0,83.0,777.5,5.0,1.0
2025-12-02 10:00:00,3884.0,19.2,456.0,84.0,797.1,7.0,1.0
2025-12-02 10:15:00,4044.0,19.8,480.0,86.0,809.5,20.0,1.0
2025-12-02 10:30:00,4104.0,20.1,497.0,90.0,808.0,33.0,1.0
2025-12-02 10:45:00,4292.0,20.5,505.0,99.0,784.3,45.0,1.0
2025-12-02 11:00:00,2932.0,20.9,505.0,116.0,736.1,58.0,1.0
2025-12-02 11:15:00,960.0,21.0,497.0,135.0,675.2,60.0,1.0
2025-12-02 11:30:00,892.0,21.2,486.0,152.0,617.9,62.0,1.0
2025-12-02 11:45:00,712.0,21.4,472.0,159.0,577.8,63.0,1.0
2025-12-02 12:00:00,576.0,21.4,454.0,157.0,550.4,65.0,1.0
2025-12-02 12:15:00,668.0,21.4,434.0,152.0,527.8,66.0,1.0
2025-12-02 12:30:00,764.0,21.3,413.0,146.0,507.8,68.0,1.0
2025-12-02 12:45:00,924.0,21.1,394.0,146.0,482.4,69.0,1.0
2025-12-02 13:00:00,1216.0,21.0,376.0,150.0,452.7,70.0,1.0
2025-12-02 13:15:00,3420.0,20.9,358.0,153.0,425.9,62.0,1.0
2025-12-02 13:30:00,3460.0,20.7,340.0,153.0,406.1,55.0,1.0
2025-12-02 13:45:00,3184.0,20.5,323.0,146.0,405.3,47.0,1.0
2025-12-02 14:00:00,2932.0,20.4,306.0,133.0,421.7,39.0,1.0
2025-12-02 14:15:00,2696.0,20.3,288.0,118.0,446.2,37.0,1.0
2025-12-02 14:30:00,2308.0,20.2,266.0,103.0,466.8,34.0,1.0
2025-12-02 14:45:00,1996.0,20.1,241.0,92.0,473.0,32.0,1.0
2025-12-02 15:00:00,1564.0,20.0,216.0,84.0,474.0,29.0,1.0
2025-12-02 15:15:00,672.0,19.9,186.0,74.0,466.8,31.0,1.0
2025-12-02 15:30:00,616.0,19.7,151.0,62.0,446.4,33.0,1.0
2025-12-02 15:45:00,444.0,19.5,108.0,47.0,388.4,35.0,1.0
2025-12-02 16:00:00,152.0,19.2,65.0,31.0,300.5,37.0,1.0
2025-12-02 16:15:00,72.0,18.9,30.0,17.0,159.1,35.0,1.0
2025-12-02 16:30:00,8.0,18.4,7.0,5.0,34.1,33.0,1.0
2025-12-02 16:45:00,0.0,18.0,0.0,0.0,0.0,31.0,0.0
2025-12-02 17:00:00,0.0,17.6,0.0,0.0,0.0,29.0,0.0
2025-12-02 17:15:00,0.0,17.2,0.0,0.0,0.0,34.0,0.0
2025-12-02 17:30:00,0.0,17.0,0.0,0.0,0.0,40.0,0.0
2025-12-02 17:45:00,0.0,16.7,0.0,0.0,0.0,45.0,0.0
2025-12-02 18:00:00,0.0,16.5,0.0,0.0,0.0,50.0,0.0
2025-12-02 18:15:00,0.0,16.2,0.0,0.0,0.0,53.0,0.0
2025-12-02 18:30:00,0.0,16.0,0.0,0.0,0.0,56.0,0.0
2025-12-02 18:45:00,0.0,15.9,0.0,0.0,0.0,58.0,0.0
2025-12-02 19:00:00,0.0,15.8,0.0,0.0,0.0,61.0,0.0
2025-12-02 19:15:00,0.0,15.6,0.0,0.0,0.0,60.0,0.0
2025-12-02 19:30:00,0.0,15.4,0.0,0.0,0.0,58.0,0.0
2025-12-02 19:45:00,0.0,15.4,0.0,0.0,0.0,57.0,0.0
2025-12-02 20:00:00,0.0,15.2,0.0,0.0,0.0,55.0,0.0
2025-12-02 20:15:00,0.0,15.2,0.0,0.0,0.0,53.0,0.0
2025-12-02 20:30:00,0.0,15.1,0.0,0.0,0.0,52.0,0.0
2025-12-02 20:45:00,0.0,15.1,0.0,0.0,0.0,50.0,0.0
2025-12-02 21:00:00,0.0,15.0,0.0,0.0,0.0,48.0,0.0
2025-12-02 21:15:00,0.0,14.8,0.0,0.0,0.0,47.0,0.0
2025-12-02 21:30:00,0.0,14.5,0.0,0.0,0.0,47.0,0.0
2025-12-02 21:45:00,0.0,14.2,0.0,0.0,0.0,46.0,0.0
2025-12-02 22:00:00,0.0,13.9,0.0,0.0,0.0,45.0,0.0
2025-12-02 22:15:00,0.0,13.4,0.0,0.0,0.0,45.0,0.0
2025-12-02 22:30:00,0.0,12.9,0.0,0.0,0.0,46.0,0.0
2025-12-02 22:45:00,0.0,12.4,0.0,0.0,0.0,46.0,0.0
2025-12-02 23:00:00,0.0,12.1,0.0,0.0,0.0,46.0,0.0
2025-12-02 23:15:00,0.0,11.8,0.0,0.0,0.0,46.0,0.0
2025-12-02 23:30:00,0.0,11.5,0.0,0.0,0.0,45.0,0.0
2025-12-02 23:45:00,0.0,11.3,0.0,0.0,0.0,45.0,0.0
2025-12-03 00:00:00,0.0,11.1,0.0,0.0,0.0,44.0,0.0
2025-12-03 00:15:00,0.0,10.9,0.0,0.0,0.0,43.0,0.0
2025-12-03 00:30:00,0.0,10.7,0.0,0.0,0.0,43.0,0.0
2025-12-03 00:45:00,0.0,10.6,0.0,0.0,0.0,42.0,0.0
2025-12-03 01:00:00,0.0,10.4,0.0,0.0,0.0,41.0,0.0
2025-12-03 01:15:00,0.0,10.3,0.0,0.0,0.0,43.0,0.0
2025-12-03 01:30:00,0.0,10.2,0.0,0.0,0.0,44.0,0.0
2025-12-03 01:45:00,0.0,10.1,0.0,0.0,0.0,46.0,0.0
2025-12-03 02:00:00,0.0,10.1,0.0,0.0,0.0,47.0,0.0
2025-12-03 02:15:00,0.0,10.1,0.0,0.0,0.0,46.0,0.0
2025-12-03 02:30:00,0.0,10.0,0.0,0.0,0.0,45.0,0.0
2025-12-03 02:45:00,0.0,10.0,0.0,0.0,0.0,43.0,0.0
2025-12-03 03:00:00,0.0,9.9,0.0,0.0,0.0,42.0,0.0
2025-12-03 03:15:00,0.0,9.9,0.0,0.0,0.0,43.0,0.0
2025-12-03 03:30:00,0.0,9.7,0.0,0.0,0.0,43.0,0.0
2025-12-03 03:45:00,0.0,9.6,0.0,0.0,0.0,44.0,0.0
2025-12-03 04:00:00,0.0,9.5,0.0,0.0,0.0,44.0,0.0
2025-12-03 04:15:00,0.0,9.4,0.0,0.0,0.0,49.0,0.0
2025-12-03 04:30:00,0.0,9.4,0.0,0.0,0.0,54.0,0.0
2025-12-03 04:45:00,0.0,9.5,0.0,0.0,0.0,59.0,0.0
2025-12-03 05:00:00,0.0,9.5,0.0,0.0,0.0,64.0,0.0
2025-12-03 05:15:00,0.0,9.5,0.0,0.0,0.0,60.0,0.0
2025-12-03 05:30:00,0.0,9.5,0.0,0.0,0.0,56.0,0.0
2025-12-03 05:45:00,0.0,9.5,0.0,0.0,0.0,51.0,0.0
2025-12-03 06:00:00,0.0,9.5,0.0,0.0,0.0,47.0,0.0
2025-12-03 06:15:00,0.0,9.4,0.0,0.0,0.0,60.0,0.0
2025-12-03 06:30:00,0.0,9.4,0.0,0.0,0.0,74.0,0.0
2025-12-03 06:45:00,8.0,9.3,0.0,0.0,0.0,87.0,1.0
2025-12-03 07:00:00,140.0,9.4,10.0,9.0,15.7,100.0,1.0
2025-12-03 07:15:00,260.0,9.6,35.0,30.0,57.7,100.0,1.0
2025-12-03 07:30:00,688.0,9.9,69.0,56.0,105.9,100.0,1.0
2025-12-03 07:45:00,1008.0,10.4,107.0,80.0,162.4,100.0,1.0
2025-12-03 08:00:00,944.0,11.0,145.0,96.0,235.5,100.0,1.0
2025-12-03 08:15:00,1548.0,11.9,185.0,106.0,318.5,98.0,1.0
2025-12-03 08:30:00,2104.0,13.1,223.0,113.0,384.5,97.0,1.0
2025-12-03 08:45:00,2368.0,14.4,260.0,123.0,425.5,95.0,1.0
2025-12-03 09:00:00,2372.0,15.5,292.0,137.0,435.9,93.0,1.0
2025-12-03 09:15:00,2996.0,16.4,320.0,152.0,434.5,95.0,1.0
2025-12-03 09:30:00,2876.0,17.2,345.0,165.0,433.5,97.0,1.0
2025-12-03 09:45:00,3216.0,18.0,371.0,175.0,444.4,98.0,1.0
2025-12-03 10:00:00,2888.0,18.8,396.0,179.0,467.6,100.0,1.0
2025-12-03 10:15:00,2716.0,19.4,419.0,181.0,491.6,100.0,1.0
2025-12-03 10:30:00,2592.0,19.9,434.0,185.0,496.8,100.0,1.0
2025-12-03 10:45:00,2640.0,20.3,435.0,197.0,461.9,100.0,1.0
2025-12-03 11:00:00,2700.0,20.6,420.0,219.0,382.0,100.0,1.0
2025-12-03 11:15:00,1420.0,20.9,396.0,243.0,286.6,100.0,1.0
2025-12-03 11:30:00,1536.0,21.0,374.0,263.0,206.2,100.0,1.0
2025-12-03 11:45:00,2156.0,21.0,360.0,270.0,166.8,100.0,1.0
2025-12-03 12:00:00,1696.0,21.0,354.0,265.0,165.6,100.0,1.0
2025-12-03 12:15:00,1784.0,21.0,351.0,255.0,180.3,100.0,1.0
2025-12-03 12:30:00,2024.0,21.0,346.0,243.0,196.6,100.0,1.0
2025-12-03 12:45:00,1868.0,21.0,339.0,234.0,204.9,100.0,1.0
2025-12-03 13:00:00,1764.0,21.0,331.0,225.0,213.0,100.0,1.0
2025-12-03 13:15:00,1276.0,21.0,320.0,215.0,218.8,100.0,1.0
2025-12-03 13:30:00,984.0,21.0,306.0,205.0,220.0,100.0,1.0
2025-12-03 13:45:00,908.0,20.9,284.0,194.0,206.7,100.0,1.0
2025-12-03 14:00:00,900.0,20.8,258.0,183.0,183.4,100.0,1.0
2025-12-03 14:15:00,840.0,20.6,230.0,172.0,152.7,100.0,1.0
2025-12-03 14:30:00,744.0,20.5,200.0,158.0,120.6,100.0,1.0
2025-12-03 14:45:00,784.0,20.4,174.0,143.0,98.7,100.0,1.0
2025-12-03 15:00:00,728.0,20.1,151.0,129.0,79.2,100.0,1.0
2025-12-03 15:15:00,484.0,19.9,127.0,112.0,62.7,100.0,1.0
2025-12-03 15:30:00,304.0,19.5,100.0,91.0,45.3,100.0,1.0
2025-12-03 15:45:00,184.0,19.1,72.0,67.0,31.9,100.0,1.0
2025-12-03 16:00:00,92.0,18.8,43.0,41.0,17.7,100.0,1.0
2025-12-03 16:15:00,40.0,18.5,21.0,20.0,12.3,100.0,1.0
2025-12-03 16:30:00,4.0,18.1,5.0,5.0,0.0,100.0,1.0
2025-12-03 16:45:00,0.0,17.8,0.0,0.0,0.0,100.0,0.0
2025-12-03 17:00:00,0.0,17.5,0.0,0.0,0.0,100.0,0.0
2025-12-03 17:15:00,0.0,17.2,0.0,0.0,0.0,100.0,0.0
2025-12-03 17:30:00,0.0,17.1,0.0,0.0,0.0,100.0,0.0
2025-12-03 17:45:00,0.0,17.0,0.0,0.0,0.0,100.0,0.0
2025-12-03 18:00:00,0.0,16.8,0.0,0.0,0.0,100.0,0.0
2025-12-03 18:15:00,0.0,16.6,0.0,0.0,0.0,100.0,0.0
2025-12-03 18:30:00,0.0,16.5,0.0,0.0,0.0,100.0,0.0
2025-12-03 18:45:00,0.0,16.4,0.0,0.0,0.0,100.0,0.0
2025-12-03 19:00:00,0.0,16.2,0.0,0.0,0.0,100.0,0.0
2025-12-03 19:15:00,0.0,15.9,0.0,0.0,0.0,100.0,0.0
2025-12-03 19:30:00,0.0,15.7,0.0,0.0,0.0,100.0,0.0
2025-12-03 19:45:00,0.0,15.4,0.0,0.0,0.0,100.0,0.0
2025-12-03 20:00:00,0.0,15.2,0.0,0.0,0.0,100.0,0.0
2025-12-03 20:15:00,0.0,14.9,0.0,0.0,0.0,100.0,0.0
2025-12-03 20:30:00,0.0,14.7,0.0,0.0,0.0,100.0,0.0
2025-12-03 20:45:00,0.0,14.4,0.0,0.0,0.0,100.0,0.0
2025-12-03 21:00:00,0.0,14.3,0.0,0.0,0.0,100.0,0.0
2025-12-03 21:15:00,0.0,14.1,0.0,0.0,0.0,100.0,0.0
2025-12-03 21:30:00,0.0,14.1,0.0,0.0,0.0,100.0,0.0
2025-12-03 21:45:00,0.0,14.1,0.0,0.0,0.0,100.0,0.0
2025-12-03 22:00:00,0.0,14.0,0.0,0.0,0.0,100.0,0.0
2025-12-03 22:15:00,0.0,13.9,0.0,0.0,0.0,100.0,0.0
2025-12-03 22:30:00,0.0,13.8,0.0,0.0,0.0,100.0,0.0
2025-12-03 22:45:00,0.0,13.6,0.0,0.0,0.0,100.0,0.0
2025-12-03 23:00:00,0.0,13.6,0.0,0.0,0.0,100.0,0.0
2025-12-03 23:15:00,0.0,13.6,0.0,0.0,0.0,100.0,0.0
2025-12-03 23:30:00,0.0,13.5,0.0,0.0,0.0,100.0,0.0
2025-12-03 23:45:00,0.0,13.5,0.0,0.0,0.0,100.0,0.0
2025-12-04 00:00:00,0.0,13.4,0.0,0.0,0.0,100.0,0.0
2025-12-04 00:15:00,0.0,13.4,0.0,0.0,0.0,100.0,0.0
2025-12-04 00:30:00,0.0,13.2,0.0,0.0,0.0,100.0,0.0
2025-12-04 00:45:00,0.0,13.1,0.0,0.0,0.0,100.0,0.0
2025-12-04 01:00:00,0.0,13.0,0.0,0.0,0.0,100.0,0.0
2025-12-04 01:15:00,0.0,13.1,0.0,0.0,0.0,100.0,0.0
2025-12-04 01:30:00,0.0,13.1,0.0,0.0,0.0,100.0,0.0
2025-12-04 01:45:00,0.0,13.2,0.0,0.0,0.0,99.0,0.0
2025-12-04 02:00:00,0.0,13.4,0.0,0.0,0.0,99.0,0.0
2025-12-04 02:15:00,0.0,13.4,0.0,0.0,0.0,96.0,0.0
2025-12-04 02:30:00,0.0,13.4,0.0,0.0,0.0,93.0,0.0
2025-12-04 02:45:00,0.0,13.3,0.0,0.0,0.0,90.0,0.0
2025-12-04 03:00:00,0.0,13.2,0.0,0.0,0.0,87.0,0.0
2025-12-04 03:15:00,0.0,13.1,0.0,0.0,0.0,89.0,0.0
2025-12-04 03:30:00,0.0,13.1,0.0,0.0,0.0,92.0,0.0
2025-12-04 03:45:00,0.0,12.9,0.0,0.0,0.0,94.0,0.0
2025-12-04 04:00:00,0.0,12.9,0.0,0.0,0.0,96.0,0.0
2025-12-04 04:15:00,0.0,13.0,0.0,0.0,0.0,92.0,0.0
2025-12-04 04:30:00,0.0,13.1,0.0,0.0,0.0,89.0,0.0
2025-12-04 04:45:00,0.0,13.4,0.0,0.0,0.0,85.0,0.0
2025-12-04 05:00:00,0.0,13.4,0.0,0.0,0.0,81.0,0.0
2025-12-04 05:15:00,0.0,13.4,0.0,0.0,0.0,73.0,0.0
2025-12-04 05:30:00,0.0,13.4,0.0,0.0,0.0,65.0,0.0
2025-12-04 05:45:00,0.0,13.4,0.0,0.0,0.0,57.0,0.0
2025-12-04 06:00:00,0.0,13.4,0.0,0.0,0.0,49.0,0.0
2025-12-04 06:15:00,0.0,13.2,0.0,0.0,0.0,43.0,0.0
2025-12-04 06:30:00,0.0,12.9,0.0,0.0,0.0,36.0,0.0
2025-12-04 06:45:00,0.0,12.8,0.0,0.0,0.0,30.0,1.0
2025-12-04 07:00:00,8.0,12.8,10.0,6.0,64.1,23.0,1.0
2025-12-04 07:15:00,112.0,12.9,38.0,21.0,199.5,35.0,1.0
2025-12-04 07:30:00,480.0,13.2,76.0,40.0,300.3,46.0,1.0
2025-12-04 07:45:00,804.0,13.6,115.0,58.0,348.9,58.0,1.0
2025-12-04 08:00:00,1220.0,14.2,153.0,72.0,394.7,69.0,1.0
2025-12-04 08:15:00,1552.0,14.9,188.0,83.0,428.1,67.0,1.0
2025-12-04 08:30:00,1908.0,15.8,221.0,92.0,455.3,64.0,1.0
2025-12-04 08:45:00,2164.0,16.8,255.0,104.0,473.0,62.0,1.0
2025-12-04 09:00:00,2736.0,17.6,286.0,117.0,479.0,59.0,1.0
2025-12-04 09:15:00,3500.0,18.4,314.0,131.0,476.6,60.0,1.0
2025-12-04 09:30:00,2404.0,19.1,341.0,144.0,477.5,62.0,1.0
2025-12-04 09:45:00,1620.0,19.8,368.0,152.0,492.7,63.0,1.0
2025-12-04 10:00:00,1716.0,20.4,396.0,155.0,522.2,64.0,1.0
2025-12-04 10:15:00,1772.0,20.9,421.0,154.0,554.3,69.0,1.0
2025-12-04 10:30:00,2708.0,21.3,442.0,155.0,575.4,74.0,1.0
2025-12-04 10:45:00,4280.0,21.6,456.0,162.0,573.2,79.0,1.0
2025-12-04 11:00:00,3716.0,21.9,465.0,174.0,555.5,84.0,1.0
2025-12-04 11:15:00,3132.0,22.0,466.0,188.0,522.9,83.0,1.0
2025-12-04 11:30:00,1664.0,22.1,457.0,200.0,479.3,83.0,1.0
2025-12-04 11:45:00,2100.0,22.1,433.0,206.0,422.3,82.0,1.0
2025-12-04 12:00:00,3648.0,22.1,389.0,208.0,337.9,81.0,1.0
2025-12-04 12:15:00,2624.0,21.9,338.0,207.0,246.9,86.0,1.0
2025-12-04 12:30:00,1836.0,21.6,292.0,204.0,168.5,91.0,1.0
2025-12-04 12:45:00,2144.0,21.4,263.0,200.0,123.4,95.0,1.0
2025-12-04 13:00:00,1112.0,21.2,247.0,194.0,106.8,100.0,1.0
2025-12-04 13:15:00,952.0,21.2,238.0,187.0,106.6,99.0,1.0
2025-12-04 13:30:00,1016.0,21.4,228.0,178.0,109.2,97.0,1.0
2025-12-04 13:45:00,896.0,21.5,213.0,167.0,105.9,96.0,1.0
2025-12-04 14:00:00,1120.0,21.5,197.0,154.0,105.4,94.0,1.0
2025-12-04 14:15:00,1364.0,21.4,180.0,140.0,105.6,96.0,1.0
2025-12-04 14:30:00,940.0,21.1,161.0,125.0,103.7,97.0,1.0
2025-12-04 14:45:00,440.0,20.9,144.0,112.0,102.2,99.0,1.0
2025-12-04 15:00:00,376.0,20.7,127.0,100.0,97.5,100.0,1.0
2025-12-04 15:15:00,352.0,20.5,109.0,88.0,88.0,93.0,1.0
2025-12-04 15:30:00,248.0,20.2,88.0,72.0,80.7,86.0,1.0
2025-12-04 15:45:00,132.0,20.0,66.0,54.0,76.9,79.0,1.0
2025-12-04 16:00:00,128.0,19.8,42.0,34.0,71.2,72.0,1.0
2025-12-04 16:15:00,68.0,19.5,22.0,18.0,49.2,66.0,1.0
2025-12-04 16:30:00,12.0,19.1,6.0,5.0,17.1,61.0,1.0
2025-12-04 16:45:00,0.0,18.8,0.0,0.0,0.0,55.0,0.0
2025-12-04 17:00:00,0.0,18.4,0.0,0.0,0.0,49.0,0.0
2025-12-04 17:15:00,0.0,18.0,0.0,0.0,0.0,48.0,0.0
2025-12-04 17:30:00,0.0,17.6,0.0,0.0,0.0,46.0,0.0
2025-12-04 17:45:00,0.0,17.3,0.0,0.0,0.0,45.0,0.0
2025-12-04 18:00:00,0.0,17.0,0.0,0.0,0.0,43.0,0.0
2025-12-04 18:15:00,0.0,16.7,0.0,0.0,0.0,48.0,0.0
2025-12-04 18:30:00,0.0,16.5,0.0,0.0,0.0,54.0,0.0
2025-12-04 18:45:00,0.0,16.3,0.0,0.0,0.0,59.0,0.0
2025-12-04 19:00:00,0.0,16.1,0.0,0.0,0.0,64.0,0.0
2025-12-04 19:15:00,0.0,15.9,0.0,0.0,0.0,50.0,0.0
2025-12-04 19:30:00,0.0,15.8,0.0,0.0,0.0,37.0,0.0
2025-12-04 19:45:00,0.0,15.6,0.0,0.0,0.0,23.0,0.0
2025-12-04 20:00:00,0.0,15.6,0.0,0.0,0.0,9.0,0.0
2025-12-04 20:15:00,0.0,15.4,0.0,0.0,0.0,12.0,0.0
2025-12-04 20:30:00,0.0,15.3,0.0,0.0,0.0,15.0,0.0
2025-12-04 20:45:00,0.0,15.2,0.0,0.0,0.0,17.0,0.0
2025-12-04 21:00:00,0.0,15.1,0.0,0.0,0.0,20.0,0.0
2025-12-04 21:15:00,0.0,14.9,0.0,0.0,0.0,15.0,0.0
2025-12-04 21:30:00,0.0,14.7,0.0,0.0,0.0,10.0,0.0
2025-12-04 21:45:00,0.0,14.6,0.0,0.0,0.0,5.0,0.0
2025-12-04 22:00:00,0.0,14.4,0.0,0.0,0.0,0.0,0.0
2025-12-04 22:15:00,0.0,14.4,0.0,0.0,0.0,0.0,0.0
2025-12-04 22:30:00,0.0,14.6,0.0,0.0,0.0,0.0,0.0
2025-12-04 22:45:00,0.0,14.6,0.0,0.0,0.0,0.0,0.0
2025-12-04 23:00:00,0.0,14.6,0.0,0.0,0.0,0.0,0.0
2025-12-04 23:15:00,0.0,14.5,0.0,0.0,0.0,0.0,0.0
2025-12-04 23:30:00,0.0,14.3,0.0,0.0,0.0,0.0,0.0
2025-12-04 23:45:00,0.0,14.1,0.0,0.0,0.0,0.0,0.0
2025-12-05 00:00:00,0.0,13.9,0.0,0.0,0.0,0.0,0.0
2025-12-05 00:15:00,0.0,13.8,0.0,0.0,0.0,0.0,0.0
2025-12-05 00:30:00,0.0,13.6,0.0,0.0,0.0,0.0,0.0
2025-12-05 00:45:00,0.0,13.5,0.0,0.0,0.0,0.0,0.0
2025-12-05 01:00:00,0.0,13.4,0.0,0.0,0.0,0.0,0.0
2025-12-05 01:15:00,0.0,13.1,0.0,0.0,0.0,0.0,0.0
2025-12-05 01:30:00,0.0,12.9,0.0,0.0,0.0,1.0,0.0
2025-12-05 01:45:00,0.0,12.6,0.0,0.0,0.0,1.0,0.0
2025-12-05 02:00:00,0.0,12.4,0.0,0.0,0.0,1.0,0.0
2025-12-05 02:15:00,0.0,12.4,0.0,0.0,0.0,9.0,0.0
2025-12-05 02:30:00,0.0,12.4,0.0,0.0,0.0,18.0,0.0
2025-12-05 02:45:00,0.0,12.6,0.0,0.0,0.0,26.0,0.0
2025-12-05 03:00:00,0.0,12.6,0.0,0.0,0.0,34.0,0.0
2025-12-05 03:15:00,0.0,12.6,0.0,0.0,0.0,35.0,0.0
2025-12-05 03:30:00,0.0,12.6,0.0,0.0,0.0,36.0,0.0
2025-12-05 03:45:00,0.0,12.7,0.0,0.0,0.0,36.0,0.0
2025-12-05 04:00:00,0.0,12.8,0.0,0.0,0.0,37.0,0.0
2025-12-05 04:15:00,0.0,12.9,0.0,0.0,0.0,38.0,0.0
2025-12-05 04:30:00,0.0,13.2,0.0,0.0,0.0,39.0,0.0
2025-12-05 04:45:00,0.0,13.4,0.0,0.0,0.0,39.0,0.0
2025-12-05 05:00:00,0.0,13.6,0.0,0.0,0.0,40.0,0.0
2025-12-05 05:15:00,0.0,13.6,0.0,0.0,0.0,46.0,0.0
2025-12-05 05:30:00,0.0,13.5,0.0,0.0,0.0,53.0,0.0
2025-12-05 05:45:00,0.0,13.4,0.0,0.0,0.0,59.0,0.0
2025-12-05 06:00:00,0.0,13.4,0.0,0.0,0.0,65.0,0.0
2025-12-05 06:15:00,0.0,13.5,0.0,0.0,0.0,74.0,0.0
2025-12-05 06:30:00,0.0,13.6,0.0,0.0,0.0,83.0,0.0
2025-12-05 06:45:00,0.0,13.8,0.0,0.0,0.0,91.0,1.0
2025-12-05 07:00:00,20.0,14.1,3.0,3.0,0.0,100.0,1.0
2025-12-05 07:15:00,136.0,14.5,17.0,14.0,35.8,91.0,1.0
2025-12-05 07:30:00,416.0,15.0,35.0,28.0,59.8,82.0,1.0
2025-12-05 07:45:00,512.0,15.6,60.0,44.0,99.6,72.0,1.0
2025-12-05 08:00:00,576.0,16.2,92.0,59.0,163.0,63.0,1.0
2025-12-05 08:15:00,924.0,16.9,128.0,72.0,230.9,63.0,1.0
2025-12-05 08:30:00,1688.0,17.5,165.0,84.0,288.7,63.0,1.0
2025-12-05 08:45:00,1092.0,18.3,200.0,97.0,325.4,62.0,1.0
2025-12-05 09:00:00,1444.0,18.9,231.0,110.0,345.6,62.0,1.0
2025-12-05 09:15:00,1936.0,19.4,258.0,122.0,356.6,64.0,1.0
2025-12-05 09:30:00,2980.0,19.8,282.0,133.0,363.4,66.0,1.0
2025-12-05 09:45:00,2852.0,20.1,302.0,142.0,367.0,67.0,1.0
2025-12-05 10:00:00,1888.0,20.5,316.0,150.0,361.6,69.0,1.0
2025-12-05 10:15:00,1764.0,20.8,325.0,155.0,354.7,69.0,1.0
2025-12-05 10:30:00,2256.0,21.1,337.0,160.0,356.5,69.0,1.0
2025-12-05 10:45:00,3580.0,21.4,355.0,163.0,376.0,69.0,1.0
2025-12-05 11:00:00,1828.0,21.6,382.0,162.0,421.7,69.0,1.0
2025-12-05 11:15:00,1816.0,21.8,411.0,161.0,472.1,70.0,1.0
2025-12-05 11:30:00,2740.0,21.9,431.0,162.0,503.5,71.0,1.0
2025-12-05 11:45:00,2080.0,21.9,431.0,167.0,492.9,72.0,1.0
2025-12-05 12:00:00,3208.0,22.0,412.0,180.0,434.6,73.0,1.0
2025-12-05 12:15:00,4380.0,22.0,384.0,193.0,361.2,80.0,1.0
2025-12-05 12:30:00,3752.0,21.9,356.0,201.0,297.7,87.0,1.0
2025-12-05 12:45:00,3552.0,21.8,339.0,199.0,274.9,93.0,1.0
2025-12-05 13:00:00,3420.0,21.8,332.0,188.0,291.1,100.0,1.0
2025-12-05 13:15:00,2904.0,21.7,325.0,173.0,318.6,100.0,1.0
2025-12-05 13:30:00,884.0,21.6,312.0,159.0,335.1,100.0,1.0
2025-12-05 13:45:00,1264.0,21.6,288.0,150.0,318.6,100.0,1.0
2025-12-05 14:00:00,1808.0,21.5,254.0,144.0,270.4,100.0,1.0
2025-12-05 14:15:00,1860.0,21.3,218.0,138.0,211.7,100.0,1.0
2025-12-05 14:30:00,2100.0,21.0,183.0,130.0,153.0,100.0,1.0
2025-12-05 14:45:00,1084.0,20.8,156.0,121.0,112.0,100.0,1.0
2025-12-05 15:00:00,372.0,20.5,132.0,111.0,76.0,100.0,1.0
2025-12-05 15:15:00,224.0,20.4,111.0,99.0,50.4,100.0,1.0
2025-12-05 15:30:00,92.0,20.2,88.0,83.0,25.3,100.0,1.0
2025-12-05 15:45:00,192.0,20.0,63.0,61.0,12.8,100.0,1.0
2025-12-05 16:00:00,384.0,19.9,37.0,37.0,0.0,100.0,1.0
2025-12-05 16:15:00,140.0,19.8,18.0,18.0,0.0,100.0,1.0
2025-12-05 16:30:00,36.0,19.6,4.0,4.0,0.0,100.0,1.0
2025-12-05 16:45:00,0.0,19.5,0.0,0.0,0.0,100.0,0.0
2025-12-05 17:00:00,0.0,19.4,0.0,0.0,0.0,100.0,0.0
2025-12-05 17:15:00,0.0,19.1,0.0,0.0,0.0,100.0,0.0
2025-12-05 17:30:00,0.0,18.9,0.0,0.0,0.0,100.0,0.0
2025-12-05 17:45:00,0.0,18.6,0.0,0.0,0.0,100.0,0.0
2025-12-05 18:00:00,0.0,18.5,0.0,0.0,0.0,100.0,0.0
2025-12-05 18:15:00,0.0,18.3,0.0,0.0,0.0,100.0,0.0
2025-12-05 18:30:00,0.0,18.1,0.0,0.0,0.0,100.0,0.0
2025-12-05 18:45:00,0.0,18.0,0.0,0.0,0.0,100.0,0.0
2025-12-05 19:00:00,0.0,18.0,0.0,0.0,0.0,100.0,0.0
2025-12-05 19:15:00,0.0,18.1,0.0,0.0,0.0,100.0,0.0
2025-12-05 19:30:00,0.0,18.4,0.0,0.0,0.0,100.0,0.0
2025-12-05 19:45:00,0.0,18.5,0.0,0.0,0.0,100.0,0.0
2025-12-05 20:00:00,0.0,18.5,0.0,0.0,0.0,100.0,0.0
2025-12-05 20:15:00,0.0,18.0,0.0,0.0,0.0,100.0,0.0
2025-12-05 20:30:00,0.0,17.5,0.0,0.0,0.0,100.0,0.0
2025-12-05 20:45:00,0.0,16.9,0.0,0.0,0.0,100.0,0.0
2025-12-05 21:00:00,0.0,16.5,0.0,0.0,0.0,100.0,0.0
2025-12-05 21:15:00,0.0,16.2,0.0,0.0,0.0,93.0,0.0
2025-12-05 21:30:00,0.0,16.1,0.0,0.0,0.0,86.0,0.0
2025-12-05 21:45:00,0.0,16.1,0.0,0.0,0.0,78.0,0.0
2025-12-05 22:00:00,0.0,16.1,0.0,0.0,0.0,71.0,0.0
2025-12-05 22:15:00,0.0,16.1,0.0,0.0,0.0,78.0,0.0
2025-12-05 22:30:00,0.0,16.2,0.0,0.0,0.0,86.0,0.0
2025-12-05 22:45:00,0.0,16.4,0.0,0.0,0.0,93.0,0.0
2025-12-05 23:00:00,0.0,16.4,0.0,0.0,0.0,100.0,0.0
2025-12-05 23:15:00,0.0,16.4,0.0,0.0,0.0,100.0,0.0
2025-12-05 23:30:00,0.0,16.3,0.0,0.0,0.0,100.0,0.0
2025-12-05 23:45:00,0.0,16.2,0.0,0.0,0.0,100.0,0.0
2025-12-06 00:00:00,0.0,16.2,0.0,0.0,0.0,100.0,0.0
